{"name":"LogisticRegression","numSteps":5000,"learningRate":0.000015,"numberClasses":2,"classifiers":[{"numSteps":5000,"learningRate":0.000015,"weights":[[1.093841213839716,0.7320486503386991,1.4665797127370568,0.361144463122705,-0.6731530102833171]]},{"numSteps":5000,"learningRate":0.000015,"weights":[[-1.093462923997251,-0.6763861428404335,-1.4663515463899985,-0.21765394128788917,0.832073943742988]]}]}