{"name":"LogisticRegression","numSteps":5000,"learningRate":1.2e-9,"numberClasses":2,"classifiers":[{"numSteps":5000,"learningRate":1.2e-9,"weights":[[0.00008701586368773107,0.002746306777406525,0.00010257974221231839,-0.0018032121815694565,0.00010197285434640024,-0.002651701929599955]]},{"numSteps":5000,"learningRate":1.2e-9,"weights":[[-0.00008701586368773107,-0.002746306777406524,-0.00010257974221231841,0.0018032121815694565,-0.00010197285434640024,0.002651701929599954]]}]}