{"name":"LogisticRegression","numSteps":5000,"learningRate":0.0000017,"numberClasses":2,"classifiers":[{"numSteps":5000,"learningRate":0.0000017,"weights":[[0.12331832536045399,0.05648054665459182,0.16346939234678134,0.01783453172660108,-0.07057430105774196]]},{"numSteps":5000,"learningRate":0.0000017,"weights":[[-0.12318036165596472,-0.05938487061121728,-0.16335082827239075,-0.02424655068333876,0.06461863568149025]]}]}